battery_capacity_kwh,vehicle_weight_kg,speed_kmph,temperature_c,terrain,range_km
5.84,87.4,44.3,13.3,city,210.21
7.35,93.3,54.5,6.1,highway,239.73
5.61,138.3,75.1,30.9,mixed,193.21
5.54,161.9,25.5,34.8,mixed,198.33
2.93,175.9,48.6,8.4,city,95.15
4.06,110.1,28.0,22.0,city,147.23
4.27,137.4,83.1,27.9,hilly,110.97
6.23,89.4,41.0,15.7,city,228.93
7.2,121.1,56.7,35.9,highway,247.65
3.26,110.4,90.6,29.0,highway,100.44
3.47,128.9,43.9,39.2,highway,127.19
7.06,158.7,41.0,6.2,hilly,191.33
2.4,171.7,64.7,31.6,highway,83.5
4.37,171.9,57.1,14.8,highway,155.82
5.23,156.0,55.0,26.6,hilly,150.56
7.99,133.4,31.4,6.7,city,240.9
2.96,149.6,66.7,19.2,mixed,110.27
7.83,166.8,25.8,31.7,hilly,222.7
4.04,112.9,36.1,5.1,hilly,114.75
6.57,133.2,32.4,28.1,highway,229.41
6.58,136.2,79.5,24.6,city,211.09
4.93,95.6,50.4,41.5,hilly,134.02
3.45,138.9,30.5,32.1,city,122.75
5.2,96.9,71.2,40.0,highway,160.93
7.23,125.2,39.8,25.0,highway,285.51
4.39,148.8,51.1,38.3,mixed,159.88
3.35,117.1,66.2,13.5,highway,104.85
6.25,90.6,29.7,6.2,hilly,156.5
3.43,148.6,40.0,9.9,mixed,125.99
4.84,123.7,31.6,29.4,hilly,139.19
4.8,154.3,72.1,41.4,city,134.88
6.37,161.1,32.6,12.1,mixed,225.74
3.1,128.9,86.2,7.8,city,80.74
8.0,164.4,92.8,39.3,highway,215.39
4.91,105.3,53.1,7.2,mixed,171.03
4.34,173.0,80.0,15.6,mixed,140.24
3.78,177.0,65.5,25.1,hilly,101.8
5.51,132.8,84.7,10.8,city,162.45
2.41,91.5,85.3,19.9,highway,76.69
2.24,92.8,71.0,25.9,hilly,66.11
3.23,153.0,41.7,19.6,hilly,96.55
7.57,173.9,25.7,28.0,city,240.28
3.28,110.2,90.3,37.6,highway,94.0
2.95,164.2,74.2,27.6,city,96.21
5.33,173.5,32.3,37.5,hilly,139.12
2.64,137.6,44.1,27.4,hilly,79.04
5.81,110.1,59.2,38.5,city,179.87
4.54,111.3,25.2,33.5,hilly,119.77
4.65,152.0,64.3,9.1,highway,151.37
7.01,140.3,35.4,9.7,hilly,189.41
7.6,177.4,27.8,18.2,highway,267.37
4.12,138.2,86.2,41.0,highway,125.37
3.42,100.4,81.0,11.6,mixed,107.09
6.42,116.6,90.2,34.7,highway,184.94
6.72,95.3,86.1,36.8,highway,194.7
7.51,118.2,82.4,37.2,highway,215.53
3.16,116.2,85.5,40.8,hilly,73.0
5.06,149.6,84.1,17.3,city,142.29
7.82,102.0,92.4,14.8,city,221.47
4.07,159.7,55.5,41.4,city,129.04
5.46,109.2,74.6,5.1,highway,162.21
2.42,148.1,48.1,16.6,city,87.27
3.8,114.4,53.6,19.9,hilly,113.31
3.15,148.2,51.5,32.7,highway,116.0
3.81,137.1,25.0,15.6,mixed,144.63
5.64,115.6,55.9,30.0,mixed,231.31
7.76,154.9,71.1,15.5,hilly,193.54
7.71,107.3,46.7,34.8,highway,268.78
3.47,130.1,84.5,7.7,mixed,114.54
5.45,153.2,51.9,19.8,highway,204.22
2.03,156.3,78.9,8.9,mixed,63.92
6.82,151.1,57.5,25.6,city,239.22
6.81,148.4,94.2,27.0,mixed,226.38
6.32,133.0,83.1,25.3,highway,211.75
4.85,109.6,42.3,28.6,mixed,204.65
3.65,92.4,45.0,15.1,hilly,114.84
2.48,99.3,51.8,10.7,highway,82.59
4.45,136.5,54.1,12.7,mixed,166.74
6.62,174.9,26.4,37.6,mixed,237.02
7.66,113.4,52.3,38.0,mixed,294.84
6.41,161.0,87.8,23.1,hilly,159.74
2.17,116.9,72.5,20.0,highway,75.83
7.52,178.2,62.4,38.6,city,225.41
4.57,167.4,37.7,14.6,hilly,125.69
3.96,157.3,51.5,32.8,mixed,151.29
2.49,86.8,62.8,42.0,hilly,63.61
2.41,175.9,27.8,6.1,highway,74.08
2.12,99.5,33.8,29.8,highway,77.2
3.54,120.0,67.4,40.7,city,112.49
2.98,114.5,65.5,39.4,mixed,104.85
6.29,92.2,73.3,28.2,city,209.35
3.81,150.0,81.4,34.5,city,110.62
4.57,120.2,60.4,17.6,mixed,181.12
2.63,176.3,69.5,35.7,highway,84.7
6.4,176.7,43.9,34.9,mixed,252.72
6.95,141.3,47.6,14.1,city,234.84
4.7,156.3,64.9,29.7,hilly,123.57
7.11,102.3,39.8,34.5,hilly,203.19
5.58,168.6,63.9,24.1,highway,188.43
6.32,131.4,78.1,30.6,mixed,221.07
2.1,113.0,53.3,14.0,hilly,59.85
5.19,125.4,77.2,17.2,mixed,176.3
3.51,96.5,38.5,9.4,highway,118.0
6.43,111.3,66.3,33.1,hilly,186.1
7.0,113.1,50.3,16.2,highway,248.94
7.85,137.6,73.8,9.7,mixed,252.56
2.07,112.0,58.5,17.6,city,68.19
7.17,95.8,29.6,23.2,city,240.09
6.87,175.2,31.0,14.2,mixed,258.4
6.74,106.4,61.6,21.7,mixed,256.67
5.53,125.7,64.8,7.2,city,178.78
3.25,105.0,71.2,10.8,highway,104.51
2.94,123.8,73.3,22.4,city,92.21
6.24,151.8,56.8,30.4,hilly,186.47
5.75,147.8,90.4,20.7,highway,177.96
7.45,163.5,30.0,11.1,hilly,202.52
6.95,172.5,55.7,22.3,hilly,209.14
7.66,132.5,59.6,8.0,city,253.29
6.41,142.4,26.8,13.5,city,218.19
6.03,110.6,27.8,33.0,mixed,228.23
4.65,111.4,94.8,21.1,mixed,159.99
4.82,123.8,47.5,8.9,highway,166.34
6.16,112.4,91.2,35.1,city,172.41
3.89,115.7,92.9,20.0,city,113.98
5.26,124.3,38.1,18.4,mixed,212.97
6.56,104.3,63.4,39.3,mixed,247.65
4.91,87.7,69.1,34.6,highway,160.28
2.08,123.8,40.7,36.1,city,71.49
2.7,164.1,59.9,31.5,hilly,75.34
4.89,129.9,57.0,10.4,highway,174.66
5.05,168.5,85.5,15.2,mixed,161.81
6.73,110.4,25.2,31.9,mixed,263.74
4.68,131.0,48.3,33.2,mixed,186.62
3.93,102.9,73.8,26.2,highway,140.31
4.46,115.2,58.1,38.8,mixed,163.08
5.98,163.0,93.7,23.3,city,165.1
7.79,116.5,32.0,36.3,city,259.15
4.74,153.6,53.7,29.2,highway,165.07
6.69,110.2,68.6,19.7,city,228.31
7.11,166.6,51.6,16.7,mixed,290.81
2.22,91.5,69.2,39.1,highway,74.06
4.6,94.4,69.4,37.3,mixed,157.09
3.8,87.7,47.7,7.1,hilly,105.53
2.87,135.5,64.6,34.3,highway,93.41
5.66,121.3,72.8,23.4,highway,187.32
5.83,128.7,71.7,38.3,mixed,211.86
6.07,100.0,55.9,17.8,hilly,179.06
4.55,108.8,84.2,12.4,mixed,155.31
2.64,121.2,50.1,15.9,hilly,72.96
6.98,122.6,25.6,37.0,city,234.08
6.47,164.1,88.2,33.7,highway,195.59
4.11,145.5,68.5,30.1,highway,142.0
7.42,146.4,46.6,21.3,hilly,233.7
2.54,113.0,77.3,11.5,highway,81.58
7.26,119.8,60.1,15.1,highway,243.92
6.95,130.8,81.5,32.6,hilly,182.0
4.81,92.2,77.8,13.3,mixed,173.8
6.83,119.7,80.3,5.5,city,190.51
6.04,148.9,65.9,35.4,hilly,154.25
3.4,87.4,86.9,25.8,highway,111.09
5.81,129.1,74.1,29.0,city,177.67
7.68,113.9,59.5,8.6,highway,252.41
4.23,175.2,73.8,25.0,highway,150.2
5.93,164.2,68.1,39.7,hilly,143.79
4.22,127.1,91.5,36.7,city,123.72
4.2,170.7,70.1,7.2,hilly,100.59
2.73,165.6,56.8,29.5,city,88.94
4.0,178.9,80.1,12.6,highway,122.72
6.88,107.1,79.2,34.2,city,202.68
7.9,178.8,62.8,34.5,city,260.33
2.15,86.4,80.3,13.8,hilly,50.82
3.59,97.0,54.5,9.2,city,117.71
6.67,133.8,32.6,23.6,city,241.48
7.45,147.6,46.1,28.8,city,257.52
4.87,123.2,73.0,23.1,mixed,171.18
2.48,142.8,29.6,15.2,hilly,67.65
5.58,113.0,60.4,20.9,city,199.66
5.91,158.1,75.5,13.0,mixed,210.69
4.48,163.6,52.9,32.0,hilly,129.01
5.99,120.6,35.7,39.2,city,188.49
2.51,126.0,77.1,18.8,highway,82.06
5.52,138.4,48.1,9.5,hilly,163.11
7.65,125.2,89.1,6.9,hilly,175.43
4.11,139.9,39.9,29.3,highway,160.15
4.1,137.8,33.0,15.3,highway,148.92
7.07,177.6,82.3,27.7,city,218.58
5.95,150.9,27.0,15.1,hilly,170.39
4.11,102.2,35.0,29.3,city,138.71
5.8,87.9,77.2,13.0,mixed,197.76
2.94,114.6,47.7,39.8,city,104.64
2.93,156.7,28.5,8.0,mixed,105.68
4.91,127.0,44.1,32.9,city,172.35
2.67,149.4,66.5,24.5,hilly,71.71
4.37,141.9,25.5,16.2,highway,153.09
6.58,112.5,33.4,23.4,mixed,255.12
4.28,151.8,60.0,35.8,hilly,111.63
7.17,89.0,26.3,39.1,hilly,193.9
5.44,152.4,54.2,9.3,city,186.98
3.03,175.0,57.2,30.5,hilly,82.56
7.07,108.1,66.2,24.4,mixed,286.32
6.47,106.0,79.5,7.8,city,186.32
3.16,158.7,49.6,40.5,highway,106.37
2.88,103.7,67.2,33.1,city,89.83
6.64,131.9,77.8,33.1,mixed,235.44
7.29,146.1,94.1,17.0,hilly,163.53
2.41,127.0,46.2,15.2,city,83.54
2.45,128.9,27.6,18.6,hilly,65.31
7.19,166.3,68.1,23.8,mixed,274.25
7.73,155.2,27.9,38.6,highway,251.16
4.85,99.3,29.3,8.8,hilly,137.3
2.51,146.4,27.7,31.2,mixed,95.33
5.66,119.6,89.3,19.3,hilly,141.96
2.31,144.9,48.4,17.2,mixed,90.12
6.34,147.4,88.4,37.3,hilly,141.63
5.98,172.1,46.7,29.3,mixed,234.28
6.25,93.0,64.1,28.8,hilly,185.0
6.02,163.8,76.7,30.4,city,190.01
4.54,119.4,50.4,11.7,highway,157.86
6.6,103.2,95.0,10.7,hilly,155.18
2.61,158.2,83.5,37.7,city,76.08
7.26,143.7,66.8,10.7,highway,244.4
6.63,161.9,36.6,21.2,mixed,260.68
6.32,177.1,67.7,32.8,mixed,221.83
3.44,176.7,79.9,38.4,highway,102.29
7.68,178.5,57.3,15.4,mixed,289.66
4.51,100.4,39.0,27.4,hilly,130.5
4.88,120.3,90.4,31.3,city,137.42
6.58,110.9,88.4,10.5,mixed,197.65
7.46,162.6,86.9,39.4,mixed,222.45
5.01,107.4,94.6,18.9,city,138.87
2.59,152.9,48.5,10.4,city,84.95
6.98,151.1,34.7,31.1,mixed,277.04
7.44,86.8,40.1,10.5,mixed,273.71
3.73,113.6,28.3,20.5,mixed,136.65
7.02,132.5,62.5,28.4,highway,255.92
3.75,85.1,49.7,26.1,highway,147.91
2.51,177.6,29.7,24.5,city,85.72
4.82,145.4,93.7,14.4,city,130.05
2.41,107.9,71.0,8.8,hilly,58.47
4.11,117.2,70.0,35.7,mixed,155.0
4.87,102.3,34.4,31.5,mixed,181.3
3.21,160.2,87.0,16.7,hilly,77.99
7.93,136.6,42.7,32.9,highway,286.47
7.17,89.5,70.9,15.1,hilly,189.0
4.4,126.8,92.0,17.5,highway,130.53
4.99,172.8,61.3,34.6,mixed,175.45
5.61,163.1,63.2,16.9,city,179.47
3.77,127.4,75.2,11.2,mixed,125.71
2.25,167.7,49.7,41.9,hilly,63.22
6.75,90.4,72.0,20.0,highway,240.95
2.86,142.7,79.7,6.3,city,77.94
5.87,119.4,91.5,6.2,highway,166.07
7.69,120.3,78.4,26.2,hilly,203.43
5.9,108.7,32.9,32.2,mixed,230.08
7.48,96.2,79.2,31.0,highway,256.51
3.71,172.1,59.4,9.5,city,116.78
7.39,127.3,31.1,30.2,hilly,217.04
6.26,137.2,45.3,16.1,highway,238.62
7.56,145.6,80.6,23.8,city,250.42
6.75,107.5,59.6,18.4,hilly,192.08
7.9,97.3,86.9,7.4,mixed,262.05
6.31,134.9,78.8,35.5,city,180.18
3.9,92.0,57.6,24.1,highway,151.91
6.68,145.8,37.7,40.8,mixed,249.57
7.21,164.0,61.3,16.3,highway,242.27
6.26,117.9,90.9,38.1,city,167.7
5.81,137.3,33.8,16.2,city,196.62
3.01,174.5,35.8,29.4,hilly,91.74
5.38,163.4,27.0,6.7,hilly,140.92
6.6,124.6,69.7,23.4,hilly,187.42
3.81,108.3,81.5,20.0,mixed,126.05
2.36,126.8,58.9,12.5,highway,78.84
6.31,154.7,85.3,41.1,highway,188.52
5.09,95.1,41.9,9.5,mixed,190.45
2.58,112.6,51.9,27.8,highway,102.57
7.41,162.3,90.4,31.7,highway,228.29
4.99,133.9,59.9,16.4,city,158.02
4.36,128.4,41.9,26.6,city,151.81
4.97,168.8,70.8,22.4,city,168.25
4.59,168.8,75.9,33.3,hilly,111.5
2.31,138.4,50.4,15.7,mixed,90.98
6.59,111.6,94.2,30.2,city,179.65
2.58,120.5,94.1,25.6,hilly,65.52
3.19,133.4,60.0,6.7,highway,106.89
6.82,134.3,35.4,38.0,highway,231.85
5.68,100.4,94.3,32.4,hilly,136.2
5.04,133.4,59.3,25.8,mixed,208.37
4.21,149.0,93.6,26.6,city,123.63
3.59,147.3,93.0,26.4,highway,112.41
5.5,101.2,69.0,27.9,mixed,198.91
6.08,88.0,91.4,9.1,city,164.29
4.51,124.2,39.3,23.6,mixed,195.14
6.42,90.9,34.7,12.7,hilly,192.03
4.87,120.8,92.0,22.0,hilly,120.37
6.06,167.4,72.7,34.7,hilly,159.04
3.15,108.4,64.1,13.3,hilly,87.99
6.23,150.6,59.2,22.8,hilly,176.86
5.44,136.6,87.7,19.6,hilly,141.86
6.83,112.6,45.1,31.4,hilly,219.39
5.94,156.0,40.0,35.6,hilly,180.16
6.18,98.0,68.1,26.7,highway,205.69
7.43,106.4,41.3,8.7,hilly,215.39
2.6,158.2,25.4,25.4,highway,91.53
7.61,168.4,58.4,12.4,hilly,203.19
5.88,171.3,31.3,26.2,city,214.62
3.05,168.8,37.3,39.0,mixed,118.43
3.12,156.2,86.1,15.7,city,84.64
5.41,95.2,93.8,15.5,mixed,179.78
2.81,132.9,44.1,34.9,hilly,79.97
4.75,109.4,38.0,32.3,hilly,141.13
6.54,101.7,84.9,38.2,mixed,213.23
2.52,148.6,37.9,10.2,hilly,73.8
2.04,121.4,56.3,14.9,hilly,56.36
6.34,86.1,70.8,30.6,city,210.15
4.79,100.2,73.0,39.2,hilly,124.91
5.83,174.4,50.7,13.2,highway,205.31
4.73,178.9,51.2,31.0,mixed,193.51
6.81,163.4,78.3,30.2,city,210.39
5.17,119.4,89.2,9.2,highway,149.3
2.9,116.2,61.4,9.3,highway,98.62
4.93,170.4,56.2,7.1,highway,163.37
4.74,90.5,57.4,34.9,city,157.98
6.9,155.9,65.5,6.7,hilly,179.85
5.25,90.7,87.6,41.5,mixed,155.83
4.45,158.1,78.6,41.2,mixed,142.89
7.35,127.6,89.2,19.0,city,218.64
5.97,136.2,70.7,17.9,highway,210.57
4.36,97.1,93.5,35.9,city,127.82
4.78,153.3,54.7,19.0,highway,167.44
4.08,111.2,90.6,31.8,city,111.06
5.96,143.4,90.5,37.9,highway,165.66
2.61,88.2,66.8,31.0,city,83.64
2.27,126.7,62.8,32.9,city,71.76
7.96,107.2,89.1,26.3,hilly,195.2
7.26,178.6,61.5,20.3,hilly,193.91
7.69,168.6,88.8,28.2,mixed,258.76
2.28,117.7,70.0,19.1,hilly,63.46
4.45,113.5,37.9,24.9,highway,177.32
3.8,152.2,81.4,38.8,mixed,131.13
5.34,97.7,42.0,12.5,city,194.25
7.08,93.8,75.7,12.0,hilly,177.01
5.63,88.8,30.1,34.8,highway,196.0
7.22,116.6,92.0,5.6,highway,209.73
2.7,180.0,58.5,14.0,highway,91.11
3.44,115.6,44.8,22.3,hilly,104.99
4.16,168.9,57.6,34.7,mixed,161.78
3.92,104.3,46.9,6.7,highway,141.01
2.1,137.6,65.9,31.6,hilly,55.38
3.98,121.1,83.3,23.5,hilly,100.6
6.93,176.8,69.9,23.2,highway,243.89
4.11,98.3,63.3,11.8,city,132.13
7.03,92.1,82.3,6.8,city,195.89
7.06,107.0,74.5,5.3,mixed,228.78
5.71,148.3,68.2,22.9,mixed,202.79
5.19,124.1,26.2,31.7,hilly,136.27
6.88,149.0,81.4,38.7,city,208.02
5.15,107.9,68.4,14.3,hilly,133.44
4.38,120.4,53.4,25.9,highway,161.47
6.97,92.7,94.4,29.0,city,191.15
4.28,137.5,28.9,5.3,highway,130.76
7.07,146.3,48.2,41.2,city,247.33
7.51,106.8,88.1,30.6,mixed,244.81
7.54,150.0,44.6,25.1,city,271.27
7.1,86.5,39.5,10.3,mixed,286.93
3.8,138.6,64.7,36.4,hilly,100.59
6.44,160.1,73.3,7.9,hilly,150.21
4.62,164.7,48.8,33.5,mixed,193.38
3.96,145.2,79.8,21.7,highway,126.28
7.65,126.0,72.6,29.4,city,253.99
3.77,108.4,30.1,14.9,mixed,145.74
5.8,155.3,47.2,8.9,city,204.68
4.67,157.3,32.2,8.2,mixed,167.36
5.33,123.8,26.8,18.1,city,179.02
6.71,167.1,25.9,20.3,city,228.71
5.36,179.3,42.0,24.3,mixed,214.12
3.61,110.5,35.2,11.2,hilly,99.75
4.91,92.3,42.6,14.1,mixed,198.16
3.17,95.2,46.3,40.1,hilly,95.24
4.28,166.9,55.8,20.9,highway,151.44
5.62,151.1,58.5,11.6,mixed,218.48
3.75,151.0,59.4,26.3,highway,133.56
3.68,159.7,50.6,39.5,highway,129.57
5.27,149.8,63.5,40.3,mixed,196.96
3.26,160.8,83.2,7.6,mixed,104.94
2.84,113.8,42.7,10.7,mixed,114.22
2.44,179.1,58.5,19.8,mixed,94.51
6.74,119.2,87.7,24.9,city,195.86
3.49,148.1,36.6,27.7,mixed,148.76
3.99,160.6,32.4,8.6,highway,132.92
5.11,140.1,65.3,21.5,mixed,193.31
6.08,150.6,35.6,41.9,mixed,212.4
4.5,176.4,33.1,39.8,highway,148.53
4.06,159.5,61.5,17.9,city,133.68
6.18,115.3,46.0,35.0,city,206.05
4.06,95.4,81.0,39.4,highway,123.6
5.31,116.4,54.8,22.1,mixed,217.5
3.12,147.4,52.7,32.3,highway,112.31
4.58,85.4,40.0,15.3,city,161.9
6.8,136.0,50.6,12.3,city,223.82
7.18,135.1,69.7,27.1,mixed,272.28
4.09,165.3,68.2,35.1,hilly,113.6
5.54,148.9,46.9,13.8,city,184.9
6.16,133.5,54.3,10.1,mixed,227.79
4.92,136.1,89.3,39.4,highway,142.49
4.94,98.3,47.0,21.7,city,190.03
7.71,131.0,38.7,19.2,mixed,306.11
4.95,152.5,56.1,11.2,city,167.43
3.32,88.1,40.7,15.7,mixed,133.87
6.64,132.1,60.8,26.2,hilly,200.3
6.94,119.9,82.6,6.5,mixed,221.15
7.94,94.7,83.1,32.8,hilly,209.21
2.19,110.0,85.4,8.2,city,62.99
3.42,162.0,66.2,18.0,mixed,120.94
2.84,104.6,39.5,7.2,hilly,79.12
5.58,101.0,93.5,15.8,hilly,138.54
5.09,170.5,82.1,10.0,mixed,171.94
7.95,167.4,33.9,37.0,highway,262.16
3.93,108.5,84.0,19.5,highway,125.15
3.61,124.4,56.6,28.4,city,124.95
6.5,151.0,86.4,21.8,mixed,216.47
2.01,158.5,76.3,32.0,mixed,71.52
6.18,165.8,80.7,19.7,mixed,221.62
4.97,115.7,44.9,25.3,highway,197.48
4.91,117.7,72.8,6.8,city,146.74
7.02,86.5,90.1,10.8,mixed,207.98
7.75,104.2,73.2,9.9,hilly,188.03
7.6,111.0,70.8,14.3,hilly,203.94
5.89,89.9,68.8,31.9,highway,198.62
2.55,94.0,39.9,7.9,highway,88.97
4.67,85.8,49.1,9.5,mixed,183.91
4.87,106.7,31.3,34.8,city,159.22
7.29,98.0,79.1,32.9,highway,237.14
6.06,91.5,64.4,27.6,highway,214.71
6.33,144.7,35.6,20.2,mixed,262.09
2.52,94.5,77.7,26.8,mixed,90.09
4.58,160.2,42.3,28.9,highway,173.97
5.6,142.7,79.5,30.5,hilly,139.41
5.64,102.9,52.4,28.9,highway,210.84
2.68,132.5,66.6,24.5,city,96.13
7.6,97.5,85.3,26.0,hilly,198.43
3.04,129.7,94.1,7.7,city,75.3
3.29,172.6,91.4,19.7,hilly,80.31
5.01,124.5,74.1,8.0,highway,150.06
3.86,133.6,39.2,34.9,hilly,110.46
5.81,164.3,72.7,7.4,mixed,198.59
7.08,90.5,31.0,21.1,mixed,283.55
2.33,148.3,71.1,11.5,city,72.68
6.21,100.6,91.7,24.4,hilly,149.61
2.76,159.2,43.8,37.8,city,92.98
4.58,134.8,43.4,41.1,city,154.52
5.06,90.3,85.2,11.2,highway,146.6
2.62,139.5,75.6,13.5,city,74.75
7.18,108.2,58.0,19.2,highway,248.27
7.76,88.4,81.2,31.4,mixed,260.95
3.49,172.0,47.4,35.6,hilly,96.83
6.04,90.0,40.6,24.1,city,235.99
2.41,129.2,44.8,36.3,hilly,67.59
4.74,120.0,45.4,34.0,highway,175.91
5.55,131.9,79.1,12.2,highway,163.6
7.59,87.3,62.9,28.5,city,273.88
2.01,147.4,84.4,31.9,city,57.38
7.9,124.9,92.3,41.0,highway,227.29
2.56,172.5,87.8,24.2,hilly,64.23
6.49,140.2,60.4,28.6,mixed,239.55
5.41,126.3,92.5,13.8,hilly,131.1
7.56,122.3,83.2,17.1,mixed,248.75
2.45,104.3,79.6,26.6,highway,77.31
4.7,114.8,33.5,18.3,highway,168.07
4.78,166.0,31.3,34.9,hilly,137.78
6.18,88.8,83.5,17.1,city,189.72
7.81,122.6,28.4,16.1,highway,254.68
4.43,128.0,77.4,14.2,mixed,144.33
6.76,96.5,29.3,33.9,highway,225.5
6.94,120.4,69.1,28.9,hilly,201.44
2.45,179.7,38.8,28.9,highway,86.17
7.08,161.8,33.6,39.9,city,219.69
5.44,163.1,52.6,6.1,mixed,190.19
3.29,102.8,44.6,37.7,city,116.56
5.7,146.5,59.9,37.7,mixed,198.51
3.68,98.0,39.0,37.7,highway,133.26
6.81,160.5,94.3,33.9,hilly,157.46
6.69,117.7,64.6,16.9,hilly,177.27
3.91,105.8,87.7,33.8,city,117.52
4.83,119.0,65.9,13.6,highway,153.22
5.94,110.3,82.1,38.9,city,177.05
7.69,139.7,93.8,19.4,highway,219.08
5.56,161.6,73.8,38.8,city,170.11
4.11,138.9,34.9,40.1,mixed,153.21
3.05,88.6,28.9,27.3,city,106.41
2.0,172.2,39.1,9.8,highway,72.51
7.07,115.7,26.5,26.7,highway,261.82
7.08,166.8,92.2,18.8,mixed,230.33
4.02,115.6,93.3,32.1,mixed,133.9
7.76,146.7,37.2,40.8,hilly,206.82
5.53,101.7,46.5,30.5,highway,202.36
2.01,151.7,65.1,36.5,city,61.38
3.91,161.8,67.8,28.7,city,135.07
2.84,155.8,41.7,41.3,highway,100.47
7.78,163.1,71.9,32.0,hilly,204.7
3.59,108.7,29.7,14.5,city,121.69
2.29,126.6,54.4,11.2,mixed,86.11
4.27,136.9,32.1,22.7,highway,149.68
2.44,165.3,45.6,16.8,city,82.07
3.02,120.7,76.2,25.2,city,95.98
7.91,169.9,74.3,21.0,highway,265.02
4.61,90.1,48.2,41.1,mixed,181.47
6.33,154.3,43.6,15.4,highway,220.96
4.36,137.2,59.4,7.0,city,135.62
3.77,147.9,67.0,12.4,city,113.68
5.83,177.8,58.1,9.3,mixed,209.77
7.37,110.2,69.9,19.3,hilly,210.41
4.22,127.3,43.4,22.2,highway,168.9
5.39,99.4,73.8,8.6,hilly,139.9
4.48,156.9,40.9,7.3,mixed,173.65
4.51,135.9,85.7,22.6,highway,142.41
2.47,170.8,75.0,23.6,highway,78.92
6.54,101.4,93.9,41.0,highway,174.57
4.54,178.9,55.5,41.9,highway,157.51
3.55,171.5,89.0,7.5,mixed,108.82
5.31,166.4,61.4,38.9,city,174.26
5.74,134.6,54.4,20.3,highway,211.87
5.5,176.7,32.0,8.9,city,180.4
7.2,168.6,86.5,14.8,mixed,235.34
4.84,101.4,53.2,27.9,mixed,186.4
7.34,116.5,41.6,32.6,hilly,229.63
2.12,162.7,46.2,15.4,mixed,88.09
6.11,177.4,41.0,16.1,mixed,248.51
3.93,154.2,67.3,8.3,mixed,130.78
6.94,155.4,78.2,37.1,city,205.47
2.95,114.6,60.5,10.0,city,90.7
7.25,104.1,29.0,6.2,city,237.51
6.23,111.0,82.6,23.7,city,198.51
3.45,131.4,56.2,40.5,mixed,128.5
4.1,100.5,87.6,32.7,city,116.77
4.32,100.5,65.1,40.7,highway,143.59
6.07,110.6,53.7,5.7,city,194.51
2.79,101.5,81.1,13.3,hilly,71.03
6.26,111.2,87.7,36.5,mixed,196.38
4.8,149.3,82.7,19.7,city,136.2
8.0,176.8,83.8,25.8,hilly,201.05
2.65,91.1,94.2,28.7,hilly,62.62
6.27,169.8,45.9,10.5,highway,233.25
6.83,161.2,67.0,29.4,highway,240.57
5.93,179.8,43.2,20.5,mixed,249.2
5.5,179.5,82.1,17.7,highway,174.48
5.83,130.2,90.8,18.3,hilly,146.56
7.04,168.3,37.7,8.6,highway,246.67
6.35,138.1,88.9,40.0,hilly,149.35
3.33,106.2,86.0,20.6,hilly,82.9
5.51,129.1,33.2,7.0,city,174.78
3.17,96.4,72.6,24.6,mixed,113.06
7.13,98.0,39.0,20.1,mixed,277.88
7.17,102.1,30.7,17.3,highway,247.89
2.35,127.9,39.7,33.6,highway,85.62
6.58,93.4,68.0,28.4,mixed,247.26
4.86,85.4,62.4,32.0,city,170.94
6.54,135.4,26.3,5.2,highway,200.81
7.26,114.6,32.2,23.6,hilly,207.04
6.94,113.3,45.4,31.9,hilly,209.47
6.12,97.7,94.7,23.1,highway,178.83
7.44,162.1,26.3,13.3,highway,239.18
2.13,132.9,33.6,31.3,city,72.11
5.84,158.3,68.6,27.0,city,196.83
5.92,86.9,73.3,20.4,mixed,207.3
3.52,151.7,39.4,30.4,city,121.51
5.97,147.9,43.9,27.4,highway,227.45
7.39,133.6,68.2,15.5,city,234.88
5.65,158.9,83.2,41.0,hilly,136.39
3.77,88.7,59.7,12.7,mixed,138.01
2.02,148.8,88.5,35.9,mixed,62.01
2.54,133.6,75.6,8.7,hilly,63.63
4.74,177.8,43.5,6.9,highway,170.89
7.11,119.2,72.4,20.8,city,218.31
6.55,89.4,84.6,29.5,highway,203.85
7.37,175.7,43.8,32.1,hilly,228.4
3.1,123.1,92.4,15.1,mixed,100.6
4.87,125.1,87.0,11.2,highway,146.19
2.35,174.5,36.2,20.4,mixed,96.41
6.07,102.2,51.6,18.3,city,223.6
7.28,154.1,87.4,22.9,mixed,236.19
4.47,89.4,43.3,16.6,highway,176.99
6.02,117.1,61.6,30.9,city,201.37
6.36,130.8,71.5,28.7,highway,224.46
5.35,178.8,28.8,28.8,highway,188.97
4.82,132.1,36.6,32.8,hilly,135.63
7.82,89.8,40.6,28.8,mixed,335.83
2.47,127.2,65.1,8.3,mixed,86.04
2.71,132.3,70.7,8.8,mixed,87.42
5.29,163.5,80.4,40.6,hilly,132.69
5.37,147.2,56.9,17.6,city,189.2
7.07,116.5,78.7,27.2,hilly,192.94
2.68,157.1,40.5,17.6,hilly,79.47
4.24,95.1,87.8,23.2,mixed,139.2
5.67,102.8,90.1,19.5,mixed,195.54
3.14,117.1,78.0,6.7,city,92.86
4.7,147.6,91.9,10.0,mixed,135.34
6.42,137.6,55.3,26.6,highway,243.91
3.04,162.4,32.2,29.3,hilly,87.83
4.31,178.1,89.1,33.2,hilly,101.69
4.06,112.9,81.3,10.1,hilly,102.41
5.29,114.8,76.6,25.5,highway,172.37
5.75,112.6,49.2,29.9,highway,216.59
6.17,115.6,33.1,18.0,mixed,242.65
7.66,152.5,72.2,38.1,hilly,204.1
4.53,86.2,32.5,19.1,city,160.07
3.2,156.3,36.3,15.6,hilly,87.5
2.37,159.5,39.3,25.0,hilly,75.42
2.61,167.5,76.8,37.0,mixed,85.34
6.71,160.9,45.1,29.6,mixed,273.56
7.74,177.7,46.9,25.4,city,293.71
3.22,167.5,85.2,21.4,highway,105.77
6.23,146.5,77.9,25.2,highway,214.93
7.79,112.9,37.4,30.3,highway,303.97
6.41,96.3,27.8,15.3,hilly,169.87
5.5,109.2,48.1,31.3,highway,195.07
7.57,141.7,79.2,28.1,hilly,198.4
5.44,119.0,79.9,16.8,highway,181.58
5.12,159.7,36.2,25.1,mixed,198.77
3.33,105.3,48.2,18.3,highway,131.49
5.71,130.1,64.3,32.8,city,178.58
4.08,107.8,70.0,39.0,highway,138.51
6.1,115.5,89.1,40.0,mixed,185.51
6.34,87.3,61.2,33.5,mixed,240.67
3.78,146.9,47.4,8.0,city,121.0
7.74,136.1,25.5,7.4,highway,259.27
4.55,94.9,62.6,31.0,mixed,177.31
7.64,156.0,35.8,22.0,hilly,213.97
2.44,101.9,42.6,7.6,highway,89.89
4.45,127.9,53.3,16.7,mixed,177.97
5.21,145.9,68.3,33.0,city,170.7
2.44,173.2,32.4,34.1,hilly,69.15
3.69,173.0,51.7,35.4,city,124.82
5.2,98.0,52.4,34.5,hilly,159.59
2.86,149.3,89.0,34.4,hilly,72.02
2.07,168.1,34.9,6.5,mixed,74.9
7.68,113.9,77.4,38.4,hilly,185.16
7.43,165.9,35.0,11.8,hilly,197.81
3.09,161.0,84.7,36.5,mixed,102.21
2.44,148.8,42.5,12.3,mixed,100.17
4.14,148.8,41.4,15.6,city,151.11
3.91,127.8,68.1,16.3,highway,131.88
4.19,115.1,55.0,5.2,highway,144.11
6.27,145.9,44.4,18.3,hilly,198.06
4.78,119.1,46.4,25.4,highway,190.35
2.49,111.7,82.9,38.0,highway,73.16
7.32,92.3,30.3,5.7,city,238.22
5.47,158.1,39.9,6.4,hilly,150.26
7.99,129.8,79.3,18.5,highway,267.77
5.54,166.4,34.4,23.5,city,192.96
5.01,148.0,84.4,34.8,highway,156.88
2.84,100.1,64.6,25.9,highway,105.0
4.9,119.1,40.3,23.0,city,173.9
3.4,148.5,61.3,34.3,mixed,126.37
4.73,89.4,93.6,17.0,hilly,116.97
3.58,136.7,37.2,29.2,hilly,107.64
7.39,92.4,42.6,41.0,highway,262.96
4.12,167.4,59.1,22.8,city,142.29
2.83,100.7,30.4,28.8,highway,98.12
2.94,142.2,82.2,29.5,mixed,105.49
6.32,130.7,58.5,12.8,highway,220.48
4.47,108.1,34.0,26.9,highway,168.82
2.24,139.4,28.9,14.6,highway,76.72
4.43,177.1,69.6,37.5,hilly,120.38
3.3,142.6,58.0,22.8,highway,125.19
5.61,160.5,82.4,11.7,hilly,129.71
6.11,172.6,66.8,7.5,mixed,206.28
2.65,104.2,85.2,23.7,mixed,96.36
5.63,101.9,88.1,27.2,city,161.47
5.96,170.7,62.8,5.0,mixed,205.23
4.22,89.1,62.1,13.5,mixed,162.1
4.29,141.0,76.9,33.2,city,130.11
3.53,157.8,88.7,8.1,mixed,105.27
2.03,155.6,25.5,24.3,city,68.04
3.23,161.4,53.6,8.9,mixed,121.42
3.52,166.2,54.6,18.5,hilly,107.72
4.38,104.4,63.6,25.6,highway,155.93
5.33,109.1,46.5,17.7,mixed,223.88
7.13,147.6,77.3,21.5,highway,222.82
5.05,159.7,81.1,27.7,city,149.39
7.79,85.5,31.4,10.4,mixed,274.21
3.58,120.2,67.6,31.8,mixed,134.15
5.13,152.6,66.8,40.0,highway,167.78
4.63,104.2,71.0,34.7,hilly,118.18
6.7,133.5,73.9,27.8,city,212.1
5.93,177.7,31.1,15.2,mixed,217.73
4.37,140.7,61.2,32.3,city,152.93
5.3,154.0,64.1,26.6,hilly,159.6
3.66,142.6,38.6,39.4,city,118.51
4.44,95.1,30.1,15.9,city,154.08
7.74,168.2,81.9,26.3,mixed,287.07
5.38,158.1,78.0,40.6,mixed,180.51
7.38,166.9,58.7,14.5,mixed,279.94
7.97,149.3,41.1,16.7,hilly,235.16
2.06,164.1,42.4,8.4,hilly,54.7
7.59,130.3,49.7,38.1,hilly,208.6
6.48,173.4,38.3,32.3,highway,241.04
7.24,104.6,39.2,14.2,hilly,201.4
2.64,172.4,72.3,29.5,city,86.76
5.25,89.0,58.8,28.0,mixed,218.86
7.29,139.6,44.2,11.8,hilly,208.85
6.5,97.2,61.8,20.7,city,222.19
4.36,150.2,37.2,41.1,mixed,158.4
2.05,149.0,51.6,8.7,hilly,57.38
3.56,137.1,41.6,22.4,hilly,107.4
4.99,105.0,74.0,18.8,mixed,175.07
3.08,97.5,65.3,13.5,city,101.48
6.82,137.8,84.9,12.3,highway,202.58
2.06,125.0,34.4,38.1,hilly,59.29
3.8,138.4,64.7,19.7,highway,124.86
6.88,130.3,69.1,21.6,hilly,184.86
4.16,138.0,81.7,17.7,mixed,135.47
7.2,176.5,38.9,26.3,highway,286.41
3.71,115.9,60.7,33.7,mixed,146.9
4.29,112.2,69.2,10.4,highway,140.24
7.57,125.1,67.9,20.0,city,235.85
4.06,114.8,70.7,31.3,mixed,144.32
4.67,167.0,50.4,26.7,mixed,189.52
3.1,87.2,75.9,29.5,city,95.33
4.38,94.1,90.6,22.5,city,122.81
4.38,157.7,30.8,14.7,highway,143.07
7.59,122.0,41.1,32.3,mixed,310.43
2.79,164.7,27.0,29.6,hilly,81.81
4.8,167.7,90.4,25.3,highway,157.3
6.19,101.8,66.8,28.3,mixed,236.39
5.84,114.4,49.3,25.0,city,214.99
4.19,109.7,46.3,5.0,highway,142.31
4.82,85.8,89.5,40.0,mixed,147.99
6.6,160.8,66.8,34.5,hilly,170.02
7.29,126.5,42.5,31.5,mixed,308.47
3.32,92.5,68.8,24.1,hilly,91.75
6.46,161.8,53.9,36.6,highway,215.81
2.66,128.3,56.7,30.9,mixed,100.2
2.12,89.7,62.4,11.9,city,66.64
2.75,126.6,25.6,8.3,city,85.08
4.05,114.6,81.0,41.9,mixed,134.1
2.19,92.6,77.5,10.4,hilly,56.29
2.43,129.7,38.5,36.1,mixed,97.98
2.73,158.0,42.4,33.5,mixed,105.63
7.97,103.9,76.5,8.5,highway,243.34
6.09,114.7,47.6,28.3,city,229.56
5.3,96.6,58.7,16.1,hilly,157.23
7.18,105.7,32.9,28.4,hilly,199.49
6.77,140.5,52.7,14.0,city,231.66
6.14,150.4,35.8,33.5,highway,210.01
2.55,143.8,90.2,41.9,city,64.94
5.87,151.6,80.4,9.7,highway,171.82
5.35,146.2,49.3,38.0,highway,178.93
4.27,153.8,42.5,6.5,mixed,160.97
5.26,131.6,64.7,25.1,hilly,155.95
3.65,164.0,89.0,25.5,city,109.53
4.7,162.8,62.9,21.8,mixed,185.19
7.3,143.9,50.5,27.9,hilly,226.79
5.95,136.2,52.1,24.4,mixed,253.19
2.92,111.9,53.7,16.9,city,101.25
2.4,164.3,34.1,37.3,highway,78.73
3.15,88.0,69.9,19.4,mixed,117.16
6.21,109.3,50.6,27.4,city,212.61
7.53,147.3,90.0,35.8,mixed,248.16
2.36,138.0,90.7,20.4,hilly,59.68
2.35,143.6,62.0,32.2,hilly,62.26
3.3,134.4,32.1,13.5,mixed,119.16
5.16,108.6,68.8,11.6,mixed,187.63
6.6,139.8,72.2,31.0,mixed,249.48
3.0,102.1,53.1,17.5,highway,109.84
5.6,173.7,88.2,25.4,hilly,147.04
4.47,145.2,82.8,17.0,highway,139.68
3.28,157.7,89.8,14.4,mixed,103.68
4.38,154.0,93.8,27.0,highway,140.14
3.81,113.5,40.5,36.7,city,135.51
7.66,163.1,89.3,23.9,highway,226.61
4.76,99.8,43.5,37.9,highway,167.4
6.87,93.7,53.0,39.0,city,236.56
6.76,101.4,82.8,30.5,city,208.02
3.8,154.4,65.3,7.9,city,121.98
4.01,168.6,55.4,39.4,city,136.22
3.36,147.0,67.2,5.4,mixed,107.73
5.15,115.3,64.5,17.1,highway,169.48
6.04,179.7,93.0,32.9,city,162.47
3.74,122.5,34.3,8.1,city,121.41
3.58,122.9,55.4,30.8,highway,129.63
3.19,122.6,65.0,25.8,highway,110.45
3.6,125.9,72.9,26.3,city,120.21
4.54,118.1,47.5,27.0,city,172.94
3.02,118.2,82.5,34.7,highway,92.69
7.55,107.2,73.0,10.8,city,217.93
2.33,175.1,89.9,37.1,hilly,50.92
6.16,95.6,56.5,5.8,highway,211.01
3.27,136.9,77.5,25.3,highway,112.16
6.01,120.8,88.4,24.5,hilly,147.01
3.7,160.0,68.3,7.0,city,104.81
5.96,148.0,88.9,18.3,city,162.31
7.2,146.7,41.2,19.1,city,268.64
4.91,141.7,31.2,12.4,mixed,183.1
6.27,88.8,89.6,16.3,mixed,202.58
2.94,117.9,49.6,28.1,highway,118.23
7.87,111.2,29.3,14.5,mixed,308.41
6.89,87.8,63.8,15.4,highway,231.8
4.36,98.0,76.1,24.3,highway,146.64
5.44,125.5,46.9,27.4,mixed,228.96
3.24,98.2,62.9,34.6,highway,108.8
6.23,134.8,34.5,41.8,highway,213.93
5.39,100.0,29.7,24.7,city,182.79
7.04,98.8,27.1,16.8,mixed,279.98
3.82,155.8,82.5,28.6,hilly,93.77
3.13,97.5,26.8,41.5,hilly,83.66
5.67,141.7,41.2,6.0,city,189.73
4.86,132.7,67.3,31.3,hilly,128.15
4.32,130.0,36.5,13.4,mixed,170.74
2.09,110.6,53.9,32.5,highway,78.13
2.4,173.1,94.0,37.1,mixed,75.23
7.2,169.3,54.9,33.7,mixed,284.02
4.36,174.2,65.0,24.8,city,148.2
4.71,163.6,28.0,41.8,mixed,175.85
2.24,121.8,78.6,40.6,highway,66.29
4.39,113.9,82.9,22.1,mixed,149.93
7.51,150.5,88.3,22.2,mixed,240.91
5.0,102.1,66.0,38.1,highway,163.2
3.94,87.4,56.8,38.2,highway,142.85
2.54,115.8,70.4,31.3,highway,87.77
2.74,95.8,56.5,18.4,mixed,110.56
7.85,143.1,36.2,25.4,city,291.62
7.47,138.7,71.2,10.6,highway,227.53
6.27,124.9,46.7,33.4,mixed,246.81
3.08,170.4,92.2,5.1,hilly,63.14
4.99,132.4,81.5,27.5,mixed,170.24
5.53,130.2,53.7,7.9,city,174.13
5.28,143.9,64.0,35.5,city,163.5
2.33,118.2,35.2,6.2,hilly,61.49
2.53,95.3,94.6,11.0,hilly,58.23
6.15,141.5,80.1,11.6,mixed,209.44
4.16,88.4,78.8,16.9,mixed,150.56
6.55,165.1,29.5,22.4,city,229.45
3.65,135.1,61.7,30.7,city,116.93
6.38,144.8,94.1,22.9,hilly,153.61
7.09,109.7,65.3,28.1,highway,253.57
4.98,154.3,59.8,34.9,highway,175.57
7.88,85.2,26.7,28.1,city,277.69
3.24,143.5,54.0,6.7,hilly,88.04
5.83,86.1,39.1,15.4,city,198.75
5.04,115.8,25.4,30.4,hilly,139.55
5.41,176.2,83.2,12.2,hilly,136.26
4.87,130.1,27.5,10.0,highway,163.25
7.35,136.0,48.5,34.0,mixed,307.61
2.34,134.5,64.5,30.1,city,75.16
6.11,161.0,87.2,18.1,highway,180.71
2.19,178.4,68.9,36.2,mixed,74.32
2.7,159.3,46.6,36.7,city,90.73
2.52,168.3,51.0,35.7,hilly,69.62
3.81,95.7,79.9,33.8,city,114.69
2.15,130.9,60.0,12.0,mixed,81.33
5.14,158.7,35.0,37.3,highway,171.64
2.22,121.8,85.5,9.3,hilly,54.9
6.12,141.5,31.1,22.3,city,202.0
6.6,155.8,26.6,33.1,highway,220.7
3.16,111.3,47.3,21.3,city,112.52
2.94,95.9,92.1,25.7,city,84.49
4.1,115.3,34.9,31.1,hilly,120.9
3.03,114.6,87.5,25.0,city,88.52
4.82,149.2,32.4,7.0,mixed,170.65
6.23,169.7,69.1,30.5,mixed,231.1
3.87,162.7,74.9,29.8,city,128.58
6.53,129.2,34.2,35.1,mixed,237.82
3.86,146.2,78.7,22.4,highway,121.1
7.37,109.5,50.4,11.8,hilly,218.02
7.29,128.1,27.1,22.6,hilly,208.84
7.07,111.8,49.4,26.3,city,257.14
6.29,95.2,63.9,7.6,hilly,165.19
4.4,124.3,68.5,25.3,mixed,166.01
4.04,162.3,66.4,34.0,mixed,147.99
4.05,150.9,37.1,29.8,mixed,154.17
5.58,115.9,31.8,21.5,hilly,172.22
2.42,95.3,82.0,33.5,mixed,80.87
5.87,90.8,40.2,10.1,city,204.86
5.97,128.0,45.4,27.8,mixed,241.78
6.09,115.1,64.9,38.8,hilly,169.76
7.62,153.2,89.1,41.6,city,208.88
5.06,165.5,84.7,7.3,city,130.53
5.36,178.0,32.7,15.4,city,172.21
6.21,122.5,47.3,19.2,mixed,252.39
3.27,101.5,34.7,25.6,hilly,103.1
2.93,179.8,71.9,10.0,city,88.87
2.86,169.1,71.1,41.1,highway,84.6
5.85,124.5,56.9,34.2,mixed,227.54
4.73,125.3,82.4,19.2,highway,144.06
5.63,139.9,84.3,13.8,hilly,135.19
5.28,119.9,93.5,26.0,hilly,124.22
4.89,150.6,34.9,32.1,hilly,140.34
2.47,169.5,31.2,22.5,city,87.1
5.24,140.1,67.9,38.4,city,161.86
5.08,129.6,76.4,20.6,hilly,131.15
2.21,172.7,77.5,31.9,hilly,53.77
4.84,101.1,28.6,41.6,city,149.12
2.5,133.0,84.6,15.3,highway,77.22
3.65,109.4,76.9,27.3,highway,124.31
4.22,101.7,79.8,13.7,highway,136.22
7.17,117.6,30.9,10.4,highway,251.78
6.52,124.2,51.8,29.4,highway,234.26
6.41,117.8,70.0,33.0,city,193.6
4.78,130.2,58.3,40.1,highway,158.63
6.23,130.1,35.2,37.2,city,202.66
76.83,1503.9,61.8,21.5,city,1736.06
59.53,1463.1,106.8,25.5,hilly,938.54
42.36,1092.5,90.6,14.6,highway,1006.38
63.27,1232.6,63.7,29.5,highway,1641.95
25.69,962.3,40.8,15.6,city,747.48
47.85,2001.6,56.4,-3.3,city,837.16
63.62,2246.3,53.4,25.0,city,1472.02
32.8,2191.8,46.0,27.8,highway,824.84
70.22,1317.3,74.7,41.8,mixed,1815.08
42.96,1569.1,111.8,33.5,hilly,598.12
75.75,1352.1,40.3,14.4,city,1853.97
77.83,1208.0,40.9,44.0,highway,2057.7
36.6,1663.5,47.2,33.4,highway,908.31
31.91,1590.3,57.0,-3.3,city,644.95
41.29,1596.5,111.2,2.4,city,671.27
68.2,1336.3,94.5,40.2,city,1333.57
86.09,1661.5,72.1,37.2,city,1754.54
25.21,2333.5,104.5,19.1,hilly,344.27
44.68,1030.0,119.7,27.4,hilly,763.15
87.46,1066.7,74.1,33.3,highway,2168.22
27.56,1507.0,51.2,29.8,city,692.67
48.35,1073.1,88.8,31.8,highway,1096.27
26.65,2394.8,55.3,14.4,hilly,469.49
87.72,2127.1,117.2,-4.2,hilly,918.91
76.21,1012.1,45.0,35.4,mixed,2592.82
81.56,1728.0,98.0,6.6,city,1271.67
34.2,1898.1,75.1,40.9,city,608.13
67.17,970.8,88.8,40.2,city,1495.5
36.09,1807.0,104.5,0.3,mixed,613.49
65.02,1041.5,52.2,11.9,mixed,1940.02
88.43,1785.2,46.7,36.8,highway,2101.5
63.55,1436.5,45.3,2.1,mixed,1600.63
49.05,1189.3,55.7,24.1,highway,1333.58
80.08,1838.0,101.1,-4.2,mixed,1250.13
25.47,2292.9,95.1,24.7,hilly,384.59
77.48,2070.2,93.9,5.3,hilly,1054.19
51.78,2310.2,86.9,-3.1,highway,879.14
64.78,1077.6,105.3,10.1,mixed,1368.3
40.32,1120.4,80.1,-0.2,hilly,744.19
89.14,1685.9,74.5,26.3,highway,1929.19
37.59,2105.1,93.2,43.4,mixed,697.93
35.38,2287.9,39.6,13.2,highway,780.57
46.73,2117.5,99.5,-2.8,city,724.58
36.43,2089.0,76.2,0.8,highway,673.99
63.53,1422.7,51.9,28.8,hilly,1317.22
32.16,1280.3,55.2,15.6,highway,837.79
39.34,1632.9,76.2,39.5,highway,784.52
64.61,1208.2,66.7,17.9,highway,1701.17
88.41,1243.2,45.8,29.6,city,2369.24
32.22,1625.0,70.5,33.0,highway,749.38
64.24,2094.8,89.2,25.6,highway,1269.48
60.93,1283.1,70.0,21.1,highway,1567.02
79.4,1354.8,97.1,31.8,highway,1624.19
53.23,1272.5,113.8,42.3,city,918.39
27.87,2387.3,97.3,20.2,mixed,553.84
56.15,2107.1,104.8,17.6,highway,913.78
73.95,1955.1,69.6,5.9,hilly,1120.58
67.1,1081.6,75.8,10.2,mixed,1857.09
73.57,985.4,73.7,33.6,mixed,2029.84
81.65,1858.9,94.8,-4.9,city,1202.8
69.9,1719.8,60.2,32.6,highway,1642.71
30.26,2227.2,97.5,-2.3,hilly,399.01
32.21,1480.1,87.6,13.3,highway,680.89
70.82,1763.1,100.8,1.9,hilly,896.02
32.38,1643.8,114.8,24.0,highway,596.22
74.46,1414.7,111.3,20.2,mixed,1513.97
29.12,1450.6,76.3,21.3,city,650.33
59.57,2146.8,111.5,17.6,hilly,815.29
86.45,2122.8,115.0,-1.7,mixed,1260.18
50.39,1209.3,116.5,-1.2,highway,842.86
70.31,1669.7,109.4,21.0,city,1181.3
88.02,1735.1,46.2,12.3,mixed,2298.0
26.4,1224.1,36.9,35.1,hilly,567.92
47.28,1886.8,62.7,24.7,mixed,1152.16
61.87,2252.5,61.1,34.5,highway,1324.81
88.1,2066.1,39.0,12.7,mixed,2232.55
65.21,1183.1,80.5,4.1,highway,1507.19
70.04,1916.2,48.0,6.9,city,1530.59
62.34,1589.3,66.4,5.3,city,1293.22
88.57,1164.5,73.1,43.8,hilly,1601.31
26.62,2300.0,100.3,42.4,hilly,338.72
88.06,1741.9,78.1,27.4,hilly,1501.82
43.84,2318.8,118.4,23.7,highway,751.56
72.36,2287.3,63.8,0.6,mixed,1579.77
34.06,1748.9,61.2,15.1,highway,746.46
31.01,1029.8,89.5,24.2,highway,805.1
74.86,1233.8,42.1,37.5,city,2057.85
50.64,1661.2,86.3,20.6,city,1049.6
48.47,1164.5,107.6,13.5,hilly,745.76
47.42,1396.7,72.9,23.1,highway,1194.44
53.87,2389.3,103.3,9.4,mixed,986.58
51.92,2161.5,85.8,2.2,hilly,719.64
81.39,2380.6,40.6,43.0,mixed,1803.49
51.61,2275.9,70.2,22.8,highway,1067.52
79.1,1369.7,76.7,36.1,hilly,1514.46
44.75,1761.0,74.4,-3.7,city,742.36
44.51,1878.8,89.1,1.2,hilly,597.34
56.97,1947.4,55.8,1.0,hilly,914.56
88.09,1818.4,65.7,19.0,mixed,2158.15
65.82,1640.3,94.0,1.0,city,1148.06
35.59,1034.8,62.2,38.9,highway,932.16
28.44,1473.7,89.1,42.8,city,525.72
59.42,2307.7,78.7,33.3,highway,1212.13
63.92,1192.3,62.4,10.8,hilly,1270.78
70.37,1475.7,80.4,12.6,highway,1426.81
58.68,1490.9,76.2,12.0,highway,1219.77
35.05,1270.6,51.0,39.9,city,866.39
84.54,1119.0,46.2,-4.1,hilly,1679.32
48.57,2134.7,110.6,24.9,hilly,648.39
44.8,2029.5,45.1,1.4,highway,964.08
44.98,1254.3,118.4,16.2,city,778.73
75.36,2048.1,38.6,0.4,city,1458.21
84.05,1012.8,60.6,-4.5,city,2016.47
84.81,1247.8,111.6,4.2,hilly,1169.94
34.46,2032.0,58.6,24.0,hilly,608.56
57.54,2006.4,55.6,23.5,city,1322.83
74.61,1716.8,95.8,43.2,highway,1374.45
59.91,2361.7,43.4,5.7,mixed,1379.61
63.31,1587.5,116.4,4.0,hilly,854.77
52.57,1695.7,69.6,33.1,hilly,879.95
32.17,1147.1,99.8,30.2,city,651.41
57.09,1507.9,73.8,31.8,mixed,1372.54
51.47,2378.2,71.4,37.8,mixed,1175.13
48.88,968.5,92.3,28.6,mixed,1303.24
67.81,1073.3,47.2,15.0,city,1936.52
83.01,1194.6,65.9,5.0,highway,2016.05
89.39,1128.0,106.2,31.3,hilly,1587.9
74.79,1810.8,99.3,35.0,mixed,1404.91
68.33,2327.7,118.9,20.6,highway,1145.24
32.02,1313.5,77.3,26.4,highway,744.73
72.96,2154.0,77.3,-3.7,highway,1248.21
69.15,1171.5,87.9,-0.2,city,1400.25
58.8,1663.7,74.6,9.7,mixed,1308.54
42.01,1448.2,108.1,22.3,city,836.68
82.21,1122.7,73.3,37.6,mixed,2205.57
27.14,1757.2,108.1,10.2,highway,446.21
33.74,1987.8,76.4,0.5,mixed,671.52
69.55,1779.7,75.5,37.7,city,1309.75
57.15,2357.8,87.4,12.6,hilly,826.28
26.83,1015.4,106.1,12.4,city,562.26
65.63,1501.8,71.4,44.6,mixed,1495.29
67.98,1309.0,90.1,24.6,city,1572.52
32.44,1196.2,80.8,-3.1,mixed,746.46
83.59,1336.6,94.2,24.4,hilly,1484.55
50.37,1780.2,103.7,0.0,highway,772.86
57.68,2059.1,63.9,25.7,hilly,1095.18
38.11,1871.4,117.8,-1.2,highway,522.03
28.09,2394.5,69.2,6.3,city,534.98
62.58,1808.2,58.2,23.3,mixed,1555.57
47.58,1061.2,105.0,20.2,hilly,841.93
60.1,1240.1,69.2,26.2,mixed,1753.23
60.59,2227.3,88.4,20.8,highway,1176.48
38.84,2345.1,98.1,18.4,mixed,796.32
72.23,1036.8,52.1,18.1,highway,2022.41
69.54,1385.4,72.0,10.9,city,1546.82
79.99,1337.1,59.4,3.0,highway,1854.08
32.38,1228.3,55.9,36.4,mixed,928.38
89.43,1561.9,112.0,5.1,hilly,1139.29
41.8,2115.1,91.0,3.8,city,716.52
56.58,978.9,108.1,-0.8,hilly,920.14
83.54,1540.2,65.9,27.9,city,1904.74
79.59,2172.0,55.1,23.5,city,1770.99
78.88,2327.0,114.2,7.6,city,1105.41
32.95,2119.7,63.0,24.2,mixed,832.9
73.36,2306.5,53.5,0.3,highway,1557.15
53.57,1318.7,85.1,19.5,hilly,1015.43
32.34,1741.3,75.4,7.3,hilly,532.19
85.9,1476.3,95.8,36.1,city,1665.48
83.84,1000.5,97.9,34.9,city,1870.1
76.27,1297.5,82.0,10.5,hilly,1430.36
69.54,1725.6,55.1,17.1,city,1618.12
50.54,2368.1,56.7,-0.5,highway,970.49
80.86,1182.3,72.3,10.9,mixed,2207.27
42.81,1066.1,101.3,19.6,mixed,1103.93
46.63,1562.4,113.1,0.0,highway,757.62
57.91,1460.2,86.2,35.7,hilly,981.9
26.78,1025.5,89.5,26.5,highway,630.55
38.0,1393.0,83.9,0.5,highway,760.74
88.03,2154.4,99.9,37.3,mixed,1694.15
45.76,1643.6,97.5,8.0,hilly,685.5
37.91,1551.0,50.5,38.8,highway,863.52
26.49,1759.9,87.0,6.4,city,486.24
37.89,1966.8,49.3,15.1,mixed,942.98
34.7,2339.1,49.5,23.4,city,810.67
53.29,2284.0,73.6,28.7,city,1029.92
38.2,2321.8,104.1,8.3,mixed,663.14
53.04,1249.6,53.3,36.2,highway,1397.94
51.55,1161.6,59.7,8.1,mixed,1499.66
49.03,1942.2,73.9,-4.5,highway,899.38
88.34,1526.5,53.0,14.2,mixed,2424.17
41.65,1088.2,40.0,11.6,highway,1158.31
48.03,1829.2,92.0,35.1,city,787.36
57.8,1502.4,118.1,28.6,highway,1114.54
61.37,1791.7,57.1,20.2,hilly,1181.05
33.57,1410.1,80.1,2.1,city,644.01
88.6,1673.9,117.7,9.1,hilly,1195.72
43.39,2221.6,87.1,33.1,hilly,661.47
53.33,1189.2,97.6,19.6,highway,1196.17
84.99,1873.1,72.4,4.4,city,1482.36
27.33,1327.3,95.0,16.8,mixed,599.11
48.17,1978.1,76.2,19.6,highway,938.31
31.08,2208.9,50.4,3.4,hilly,524.68
68.1,1258.0,119.8,-4.8,highway,1113.17
29.99,2064.0,92.5,39.4,city,492.32
88.79,1126.9,66.8,41.5,city,2205.13
35.0,1067.5,105.6,28.0,mixed,861.53
42.51,1904.1,63.0,-2.8,mixed,849.56
72.55,2014.8,116.4,23.5,highway,1251.41
77.1,1360.3,102.8,32.2,mixed,1618.25
41.59,1298.1,100.5,14.9,city,853.89
35.59,2080.3,59.2,32.6,highway,744.38
56.9,1576.9,103.5,10.5,highway,1008.14
31.25,1482.8,52.0,17.3,mixed,863.96
61.6,1563.5,99.3,35.5,highway,1164.41
52.69,1008.6,64.0,18.2,highway,1492.95
71.39,2299.5,79.8,27.4,city,1357.27
53.43,2265.5,75.6,2.4,highway,998.41
44.53,1310.5,71.4,23.4,city,1136.38
58.37,1690.4,70.1,18.2,hilly,1012.99
63.06,2064.5,36.4,32.0,mixed,1488.71
36.84,1519.8,42.1,38.8,hilly,715.69
72.07,2048.2,73.2,35.4,hilly,1229.12
81.64,1221.4,50.7,32.4,hilly,1908.85
31.91,1724.8,35.5,0.8,highway,678.43
54.91,1537.4,90.9,32.2,mixed,1200.51
